keys,en,pt_BR
SEASON_WINTER,Winter,Inverno
SEASON_SUMMER,Summer,Verão
SEASON_AUTUMN,Autumn,Outono
SEASON_SPRING,Spring,Primavera
SONG_FREEZE,Freeze,Congelar
SONG_BELL_JAR,Bell Jar,Redoma
SONG_SHADOW,Shadow,Sombra
SONG_SOLSTICE,Solstice,Solstício
SONG_RELEASE,Release,Soltar
SONG_GALE,Gale,Vendaval
SONG_ROOT,Root,Enraizar
SONG_RAIN,Rain,Chuva
SONG_TITLE_FREEZE,Hymn of Frost,Hino do Gelo
SONG_TITLE_BELL_JAR,Lullaby Under Glass,Cantiga sob o Vidro
SONG_TITLE_SHADOW,Chant of the Noon Sun,Canto do Sol a Pino
SONG_TITLE_SOLSTICE,Song of the Longest Day,Canção do Dia Mais Longo
SONG_TITLE_RELEASE,Song of Falling Leaves,Canção das Folhas que Caem
SONG_TITLE_GALE,Song of the Restless Wind,Canção do Vento Inquieto
SONG_TITLE_ROOT,Song of the Green Reaching,Canção do Verde que Alcança
SONG_TITLE_RAIN,Song of the First Rain,Canção da Primeira Chuva
MEMORINA_LEARNED,You learned how to play,Você aprendeu a tocar
GUARDIAN_CALL_LISTEN,Listen…,Ouça…
PAUSE_TITLE,Pause,Pausa
PAUSE_RESUME,Resume,Continuar
PAUSE_QUIT_GAME,Quit game,Sair do jogo
CONFIRM_QUIT_GAME,Quit the game?\nProgress since the last bench will be lost.,Sair do jogo?\nO progresso desde o último banco será perdido.
CONFIRM_YES,Yes,Sim
CONFIRM_NO,No,Não
PAUSE_QUIT_TO_TITLE,Quit to title,Voltar ao título
CONFIRM_QUIT_TO_TITLE,Return to the title?\nProgress since the last bench will be lost.,Voltar ao título?\nO progresso desde o último banco será perdido.
TITLE_NEW_GAME,New game,Novo jogo
TITLE_ERASE,Erase,Apagar
TITLE_PLAY_TIME,%dh %02dm,%dh %02dm
TITLE_QUIT_GAME,Quit game,Sair do jogo
CONFIRM_ERASE,Erase this game?\nThis cannot be undone.,Apagar este jogo?\nNão há como desfazer.
REGION_HOME_VILLAGE,Home Village,Vila natal
REGION_FROST_EDGE,Frost Edge,Borda do Gelo
REGION_TRIALS,Trials,Provações
BENCH_DOWNTOWN_BENCH,Town Square,Praça
BENCH_FROST_EDGE_APPROACH_BENCH,Lighthouse Path,Caminho do Farol
BENCH_SUMMER_TRIAL_BENCH,Summer Trial,Provação de Verão
TITLE_CONTINUE,Continue,Continuar
TITLE_EMPTY_SLOT,Empty,Vazio
CONFIRM_OVERWRITE,Overwrite this game?\nThe saved game will be erased.,Substituir este jogo?\nO jogo salvo será apagado.
